{
  "governance_model": {
    "title": "NEXARA Ethical Governance Framework",
    "version": "1.0.0",
    "principles": [
      "Dignity over hierarchy",
      "Transparency in decision-making",
      "Merit-based participation",
      "Decentralized accountability",
      "Auditability of all actions"
    ],
    "proposal_template": {
      "title": "Proposal Title",
      "summary": "Brief overview of the proposal’s intent and expected outcome.",
      "objective": "Problem to solve or opportunity to unlock.",
      "ethical_alignment": {
        "constitution_reference": "Which Nexara principle does this uphold?",
        "justification": "Why is this ethically sound?"
      },
      "technical_details": {
        "affected_modules": [],
        "execution_logic": "Describe function calls, parameters, upgrade paths."
      },
      "treasury_request": {
        "amount": 0,
        "purpose": "",
        "recipient": "",
        "justification": ""
      },
      "voting_parameters": {
        "duration_days": 7,
        "quorum_percent": 60,
        "threshold_percent": 70
      },
      "timeline": {
        "start_date": "",
        "end_date": "",
        "dependencies": []
      },
      "references": []
    },
    "roles": {
      "Sovereign Architect": "Defines ethical direction and constitutional updates.",
      "Merit Auditor": "Validates contributions and merit scores.",
      "Proposal Steward": "Guides proposal formatting and ethical alignment.",
      "Treasury Guardian": "Oversees financial requests and allocations."
    },
    "meta": {
      "created_by": "MJ Ahmad",
      "license": "MIT",
      "last_updated": "2025-08-10"
    }
  }
}
