{
  "milestone_tracker": {
    "project_name": "MJ-NEXARA",
    "version": "1.0.0",
    "phases": [
      {
        "phase_title": "Genesis Setup",
        "start_date": "2025-08-01",
        "end_date": "2025-08-15",
        "objectives": [
          "Finalize CoreJSON templates",
          "Publish on Gumroad and GitHub",
          "Design UI wireframes"
        ],
        "status": "Completed",
        "ethical_alignment": "Transparency, dignity-first design"
      },
      {
        "phase_title": "Protocol Integration",
        "start_date": "2025-08-16",
        "end_date": "2025-08-30",
        "objectives": [
          "Integrate NexaraGov voting logic",
          "Deploy LumID identity schema",
          "Test NexID onboarding flows"
        ],
        "status": "In Progress",
        "ethical_alignment": "Merit-based participation, decentralized identity"
      },
      {
        "phase_title": "Public Launch",
        "start_date": "2025-09-01",
        "end_date": "2025-09-10",
        "objectives": [
          "Release UI on Vercel",
          "Announce via LinkedIn, GitHub, Reddit",
          "Collect feedback and iterate"
        ],
        "status": "Upcoming",
        "ethical_alignment": "Open access, community-driven refinement"
      }
    ],
    "meta": {
      "created_by": "MJ Ahmad",
      "license": "MIT",
      "last_updated": "2025-08-10"
    }
  }
}
