{
  "project_name": "MJ-NEXARA",
  "version": "1.0.0",
  "description": "Centralized JSON-driven structure for ethical project governance and modular scalability.",
  "root_directories": [
    "Profile",
    "mjahmad",
    "nexara-protocol",
    "LumID",
    "NexID",
    "NexaraGov",
    "NXN Genesis"
  ],
  "modules": {
    "Profile": {
      "purpose": "Identity and role declarations",
      "files": ["identity_manifest.json", "persona_traits.json"]
    },
    "mjahmad": {
      "purpose": "Founder’s declarations and ethical vision",
      "files": ["founder_manifest.json", "vision_statement.json"]
    },
    "nexara-protocol": {
      "purpose": "Governance and operational logic",
      "files": ["constitution.json", "decision_tree.json", "role_definitions.json"]
    },
    "LumID": {
      "purpose": "Decentralized identity system",
      "files": ["lumid_schema.json", "verification_flows.json"]
    },
    "NexID": {
      "purpose": "Contributor onboarding and proof-of-intent",
      "files": ["onboarding_template.json", "intent_log.json"]
    },
    "NexaraGov": {
      "purpose": "Governance engine and voting logic",
      "files": ["voting_protocol.json", "merit_engine.json"]
    },
    "NXN Genesis": {
      "purpose": "Tokenomics and treasury flows",
      "files": ["nxn_token_model.json", "treasury_policy.json"]
    }
  },
  "meta": {
    "created_by": "MJ Ahmad",
    "license": "MIT",
    "last_updated": "2025-08-10"
  }
}
