{
  "team_roles": {
    "version": "1.0.0",
    "roles": [
      {
        "title": "Sovereign Architect",
        "description": "Defines the ethical direction, constitutional updates, and ensures all modules align with dignity-first principles.",
        "responsibilities": [
          "Maintain Nexara Constitution",
          "Approve structural changes",
          "Guide long-term vision"
        ],
        "ethical_boundary": "Must uphold dignity and transparency above all"
      },
      {
        "title": "Proposal Steward",
        "description": "Supports contributors in formatting, submitting, and ethically aligning proposals.",
        "responsibilities": [
          "Review proposal templates",
          "Ensure ethical alignment",
          "Facilitate peer feedback"
        ],
        "ethical_boundary": "Cannot approve proposals without quorum"
      },
      {
        "title": "Merit Auditor",
        "description": "Validates contributions, assigns merit scores, and ensures fair recognition.",
        "responsibilities": [
          "Audit contributor logs",
          "Assign merit scores",
          "Flag unethical behavior"
        ],
        "ethical_boundary": "Must remain impartial and transparent"
      },
      {
        "title": "Treasury Guardian",
        "description": "Oversees financial requests, allocates funds, and maintains budget transparency.",
        "responsibilities": [
          "Review treasury proposals",
          "Approve fund disbursement",
          "Publish monthly reports"
        ],
        "ethical_boundary": "Cannot approve self-benefiting requests"
      },
      {
        "title": "Contributor",
        "description": "Participates in building, proposing, and maintaining Nexara modules.",
        "responsibilities": [
          "Submit proof-of-intent",
          "Follow ethical protocols",
          "Engage in peer review"
        ],
        "ethical_boundary": "Must declare all participation publicly"
      }
    ],
    "meta": {
      "created_by": "MJ Ahmad",
      "license": "MIT",
      "last_updated": "2025-08-10"
    }
  }
}
